<pkgref spec="1.12" uuid="C25B156B-1CD3-4AD4-A1B6-F4FF09FC4DD5"><config><identifier>hms.beagle-lib.beagleV21.libhmsbeagle-jni.pkg</identifier><version>1.0</version><description></description><post-install type="none"/><requireAuthorization/><installFrom mod="true">/usr/local/lib/libhmsbeagle-jni.jnilib</installFrom><installTo mod="true">/Library/Java/Extensions</installTo><flags><followSymbolicLinks/></flags><packageStore type="internal"></packageStore><mod>installTo</mod><mod>installFrom.path</mod><mod>identifier</mod><mod>parent</mod><mod>version</mod><mod>installTo.path</mod><mod>installFrom.isRelativeType</mod><mod>installFrom.isAbsoluteType</mod></config><contents><file-list>01libhmsbeagle-contents.xml</file-list><filter>/CVS$</filter><filter>/\.svn$</filter><filter>/\.cvsignore$</filter><filter>/\.cvspass$</filter><filter>/\.DS_Store$</filter></contents></pkgref>