<pkgref spec="1.12" uuid="67D9B55C-69FE-45A3-8A9C-ACB23419DFAC"><config><identifier>hms.beagle-lib.beagleV212.libhmsbeagle.1.pkg</identifier><version>1.0</version><description></description><post-install type="none"/><requireAuthorization/><installFrom>/usr/local/lib/libhmsbeagle.1.dylib</installFrom><installTo mod="true">/usr/local/lib</installTo><flags><followSymbolicLinks/></flags><packageStore type="internal"></packageStore><mod>installTo.path</mod><mod>parent</mod><mod>installTo</mod><mod>version</mod></config><contents><file-list>02libhmsbeagle-contents.xml</file-list><filter>/CVS$</filter><filter>/\.svn$</filter><filter>/\.cvsignore$</filter><filter>/\.cvspass$</filter><filter>/\.DS_Store$</filter></contents></pkgref>