<pkgref spec="1.12" uuid="05675DDF-40BF-424F-AD4A-19EC6CF24FC6"><config><identifier>hms.beagle-lib.beagleV212.libhmsbeagle.pkg</identifier><version>1.0</version><description></description><post-install type="none"/><requireAuthorization/><installFrom mod="true">/usr/local/lib/libhmsbeagle.dylib</installFrom><installTo mod="true">/usr/local/lib</installTo><flags><followSymbolicLinks/></flags><packageStore type="internal"></packageStore><mod>installTo.path</mod><mod>installFrom.path</mod><mod>parent</mod><mod>installTo</mod></config><contents><file-list>03libhmsbeagle-contents.xml</file-list><filter>/CVS$</filter><filter>/\.svn$</filter><filter>/\.cvsignore$</filter><filter>/\.cvspass$</filter><filter>/\.DS_Store$</filter></contents></pkgref>