<pkgref spec="1.12" uuid="D96ECDC7-3DBD-4416-AA5A-8C215289DC01"><config><identifier>hms.beagle-lib.beagleV212.libhmsbeagle-cpu-sse.21.pkg</identifier><version>1.0</version><description></description><post-install type="none"/><requireAuthorization/><installFrom>/usr/local/lib/libhmsbeagle-cpu-sse.21.so</installFrom><installTo mod="true">/usr/local/lib</installTo><flags><followSymbolicLinks/></flags><packageStore type="internal"></packageStore><mod>installTo</mod><mod>installTo.path</mod><mod>parent</mod></config><contents><file-list>04libhmsbeagle-contents.xml</file-list><filter>/CVS$</filter><filter>/\.svn$</filter><filter>/\.cvsignore$</filter><filter>/\.cvspass$</filter><filter>/\.DS_Store$</filter></contents></pkgref>