<pkgref spec="1.12" uuid="23AFD8B9-4F62-468B-9311-8BC383426807"><config><identifier>hms.beagle-lib.beagleV212.libhmsbeagle-cpu.21.pkg</identifier><version>1.0</version><description></description><post-install type="none"/><requireAuthorization/><installFrom>/usr/local/lib/libhmsbeagle-cpu.21.so</installFrom><installTo mod="true">/usr/local/lib</installTo><flags><followSymbolicLinks/></flags><packageStore type="internal"></packageStore><mod>installTo</mod><mod>installTo.path</mod><mod>parent</mod></config><contents><file-list>05libhmsbeagle-contents.xml</file-list><filter>/CVS$</filter><filter>/\.svn$</filter><filter>/\.cvsignore$</filter><filter>/\.cvspass$</filter><filter>/\.DS_Store$</filter></contents></pkgref>