<pkgref spec="1.12" uuid="ECB8C6EF-95BD-4768-A708-2FE9E32AD9BB"><config><identifier>hms.beagle-lib.beagleV212.libhmsbeagle-opencl.21.pkg</identifier><version>1.0</version><description></description><post-install type="none"/><requireAuthorization/><installFrom>/usr/local/lib/libhmsbeagle-opencl.21.so</installFrom><installTo mod="true">/usr/local/lib</installTo><flags><followSymbolicLinks/></flags><packageStore type="internal"></packageStore><mod>installTo</mod><mod>installTo.path</mod><mod>parent</mod></config><contents><file-list>07libhmsbeagle-contents.xml</file-list><filter>/CVS$</filter><filter>/\.svn$</filter><filter>/\.cvsignore$</filter><filter>/\.cvspass$</filter><filter>/\.DS_Store$</filter></contents></pkgref>