<pkgref spec="1.12" uuid="30759703-17B1-4056-A93B-0A0A8BB71A85"><config><identifier>hms.beagle-lib.beagleV212.libhmsbeagle-jni.pkg</identifier><version>1.0</version><description></description><post-install type="none"/><requireAuthorization/><installFrom>/usr/local/lib/libhmsbeagle-jni.jnilib</installFrom><installTo mod="true">/usr/local/lib</installTo><flags><followSymbolicLinks/></flags><packageStore type="internal"></packageStore><mod>installTo</mod><mod>installTo.path</mod><mod>parent</mod></config><contents><file-list>08libhmsbeagle-contents.xml</file-list><filter>/CVS$</filter><filter>/\.svn$</filter><filter>/\.cvsignore$</filter><filter>/\.cvspass$</filter><filter>/\.DS_Store$</filter></contents></pkgref>