<pkmkdoc spec="1.12"><properties><title>BEAGLE v2.1.2</title><build>/Users/ayres/developer/hmsbeagle/project/beagle-xcode/BEAGLE-2.1.2.pkg</build><organization>hms.beagle-lib</organization><userSees ui="easy"/><min-target os="3"/><domain system="true"/></properties><distribution><versions min-spec="1.000000"/><scripts></scripts></distribution><contents><choice title="libhmsbeagle-jni (extensions)" id="choice44" starts_selected="true" starts_enabled="true" starts_hidden="false"><pkgref id="hms.beagle-lib.beagleV21.libhmsbeagle-jni.pkg"/></choice><choice title="libhmsbeagle.1" id="choice45" starts_selected="true" starts_enabled="true" starts_hidden="false"><pkgref id="hms.beagle-lib.beagleV212.libhmsbeagle.1.pkg"/></choice><choice title="libhmsbeagle" id="choice46" starts_selected="true" starts_enabled="true" starts_hidden="false"><pkgref id="hms.beagle-lib.beagleV212.libhmsbeagle.pkg"/></choice><choice title="libhmsbeagle-cpu-sse.21" id="choice47" starts_selected="true" starts_enabled="true" starts_hidden="false"><pkgref id="hms.beagle-lib.beagleV212.libhmsbeagle-cpu-sse.21.pkg"/></choice><choice title="libhmsbeagle-cpu.21" id="choice48" starts_selected="true" starts_enabled="true" starts_hidden="false"><pkgref id="hms.beagle-lib.beagleV212.libhmsbeagle-cpu.21.pkg"/></choice><choice title="libhmsbeagle-cuda.21" id="choice49" starts_selected="true" starts_enabled="true" starts_hidden="false"><pkgref id="hms.beagle-lib.beagleV212.libhmsbeagle-cuda.21.pkg"/></choice><choice title="libhmsbeagle-opencl.21" id="choice50" starts_selected="true" starts_enabled="true" starts_hidden="false"><pkgref id="hms.beagle-lib.beagleV212.libhmsbeagle-opencl.21.pkg"/></choice><choice title="libhmsbeagle-jni" id="choice51" starts_selected="true" starts_enabled="true" starts_hidden="false"><pkgref id="hms.beagle-lib.beagleV212.libhmsbeagle-jni.pkg"/></choice></contents><resources bg-scale="none" bg-align="bottomleft"><locale lang="en"><resource relative="true" mod="true" type="background">beagle-icon.png</resource><resource mime-type="text/rtf" kind="embedded" type="license"><![CDATA[{\rtf1\ansi\ansicpg1252\cocoartf1265
{\fonttbl\f0\fswiss\fcharset0 ArialMT;}
{\colortbl;\red255\green255\blue255;\red41\green42\blue32;\red0\green41\blue250;}
{\*\listtable{\list\listtemplateid1\listhybrid{\listlevel\levelnfc23\levelnfcn23\leveljc0\leveljcn0\levelfollow0\levelstartat1\levelspace360\levelindent0{\*\levelmarker \{square\}}{\leveltext\leveltemplateid1\'01\uc0\u9642 ;}{\levelnumbers;}\fi-360\li720\lin720 }{\listname ;}\listid1}
{\list\listtemplateid2\listhybrid{\listlevel\levelnfc23\levelnfcn23\leveljc0\leveljcn0\levelfollow0\levelstartat1\levelspace360\levelindent0{\*\levelmarker \{square\}}{\leveltext\leveltemplateid101\'01\uc0\u9642 ;}{\levelnumbers;}\fi-360\li720\lin720 }{\listname ;}\listid2}
{\list\listtemplateid3\listhybrid{\listlevel\levelnfc23\levelnfcn23\leveljc0\leveljcn0\levelfollow0\levelstartat1\levelspace360\levelindent0{\*\levelmarker \{square\}}{\leveltext\leveltemplateid201\'01\uc0\u9642 ;}{\levelnumbers;}\fi-360\li720\lin720 }{\listlevel\levelnfc23\levelnfcn23\leveljc0\leveljcn0\levelfollow0\levelstartat1\levelspace360\levelindent0{\*\levelmarker \{square\}}{\leveltext\leveltemplateid202\'01\uc0\u9642 ;}{\levelnumbers;}\fi-360\li1440\lin1440 }{\listname ;}\listid3}
{\list\listtemplateid4\listhybrid{\listlevel\levelnfc23\levelnfcn23\leveljc0\leveljcn0\levelfollow0\levelstartat1\levelspace360\levelindent0{\*\levelmarker \{square\}}{\leveltext\leveltemplateid301\'01\uc0\u9642 ;}{\levelnumbers;}\fi-360\li720\lin720 }{\listname ;}\listid4}}
{\*\listoverridetable{\listoverride\listid1\listoverridecount0\ls1}{\listoverride\listid2\listoverridecount0\ls2}{\listoverride\listid3\listoverridecount0\ls3}{\listoverride\listid4\listoverridecount0\ls4}}
\deftab720
\pard\pardeftab720\sl660\sa440\qc

\f0\b\fs44 \cf2 GNU LESSER GENERAL PUBLIC LICENSE\
\pard\pardeftab720\sl360\sa280\qc

\b0\fs28 \cf2 Version 3, 29 June 2007\
\pard\pardeftab720\sl360\sa280
\cf2 Copyright \'a9 2007 Free Software Foundation, Inc. <{\field{\*\fldinst{HYPERLINK "http://fsf.org/"}}{\fldrslt \cf3 \ul \ulc3 http://fsf.org/}}>\
Everyone is permitted to copy and distribute verbatim copies of this license document, but changing it is not allowed.\
This version of the GNU Lesser General Public License incorporates the terms and conditions of version 3 of the GNU General Public License, supplemented by the additional permissions listed below.\
\pard\pardeftab720\sl540

\b\fs36 \cf2 0. Additional Definitions.\
\pard\pardeftab720\sl360\sa280

\b0\fs28 \cf2 As used herein, \'93this License\'94 refers to version 3 of the GNU Lesser General Public License, and the \'93GNU GPL\'94 refers to version 3 of the GNU General Public License.\
\'93The Library\'94 refers to a covered work governed by this License, other than an Application or a Combined Work as defined below.\
An \'93Application\'94 is any work that makes use of an interface provided by the Library, but which is not otherwise based on the Library. Defining a subclass of a class defined by the Library is deemed a mode of using an interface provided by the Library.\
A \'93Combined Work\'94 is a work produced by combining or linking an Application with the Library. The particular version of the Library with which the Combined Work was made is also called the \'93Linked Version\'94.\
The \'93Minimal Corresponding Source\'94 for a Combined Work means the Corresponding Source for the Combined Work, excluding any source code for portions of the Combined Work that, considered in isolation, are based on the Application, and not on the Linked Version.\
The \'93Corresponding Application Code\'94 for a Combined Work means the object code and/or source code for the Application, including any data and utility programs needed for reproducing the Combined Work from the Application, but excluding the System Libraries of the Combined Work.\
\pard\pardeftab720\sl540

\b\fs36 \cf2 1. Exception to Section 3 of the GNU GPL.\
\pard\pardeftab720\sl360\sa280

\b0\fs28 \cf2 You may convey a covered work under sections 3 and 4 of this License without being bound by section 3 of the GNU GPL.\
\pard\pardeftab720\sl540

\b\fs36 \cf2 2. Conveying Modified Versions.\
\pard\pardeftab720\sl360\sa280

\b0\fs28 \cf2 If you modify a copy of the Library, and, in your modifications, a facility refers to a function or data to be supplied by an Application that uses the facility (other than as an argument passed when the facility is invoked), then you may convey a copy of the modified version:\
\pard\tx220\tx720\pardeftab720\li720\fi-720\sl360
\ls1\ilvl0\cf2 {\listtext	\uc0\u9642 	}a) under this License, provided that you make a good faith effort to ensure that, in the event an Application does not supply the function or data, the facility still operates, and performs whatever part of its purpose remains meaningful, or\
{\listtext	\uc0\u9642 	}b) under the GNU GPL, with none of the additional permissions of this License applicable to that copy.\
\pard\pardeftab720\sl540

\b\fs36 \cf2 3. Object Code Incorporating Material from Library Header Files.\
\pard\pardeftab720\sl360\sa280

\b0\fs28 \cf2 The object code form of an Application may incorporate material from a header file that is part of the Library. You may convey such object code under terms of your choice, provided that, if the incorporated material is not limited to numerical parameters, data structure layouts and accessors, or small macros, inline functions and templates (ten or fewer lines in length), you do both of the following:\
\pard\tx220\tx720\pardeftab720\li720\fi-720\sl360
\ls2\ilvl0\cf2 {\listtext	\uc0\u9642 	}a) Give prominent notice with each copy of the object code that the Library is used in it and that the Library and its use are covered by this License.\
{\listtext	\uc0\u9642 	}b) Accompany the object code with a copy of the GNU GPL and this license document.\
\pard\pardeftab720\sl540

\b\fs36 \cf2 4. Combined Works.\
\pard\pardeftab720\sl360\sa280

\b0\fs28 \cf2 You may convey a Combined Work under terms of your choice that, taken together, effectively do not restrict modification of the portions of the Library contained in the Combined Work and reverse engineering for debugging such modifications, if you also do each of the following:\
\pard\tx220\tx720\pardeftab720\li720\fi-720\sl360
\ls3\ilvl0\cf2 {\listtext	\uc0\u9642 	}a) Give prominent notice with each copy of the Combined Work that the Library is used in it and that the Library and its use are covered by this License.\
{\listtext	\uc0\u9642 	}b) Accompany the Combined Work with a copy of the GNU GPL and this license document.\
{\listtext	\uc0\u9642 	}c) For a Combined Work that displays copyright notices during execution, include the copyright notice for the Library among these notices, as well as a reference directing the user to the copies of the GNU GPL and this license document.\
{\listtext	\uc0\u9642 	}d) Do one of the following:\
\pard\tx940\tx1440\pardeftab720\li1440\fi-1440\sl360
\ls3\ilvl1\cf2 {\listtext	\uc0\u9642 	}0) Convey the Minimal Corresponding Source under the terms of this License, and the Corresponding Application Code in a form suitable for, and under terms that permit, the user to recombine or relink the Application with a modified version of the Linked Version to produce a modified Combined Work, in the manner specified by section 6 of the GNU GPL for conveying Corresponding Source.\
{\listtext	\uc0\u9642 	}1) Use a suitable shared library mechanism for linking with the Library. A suitable mechanism is one that (a) uses at run time a copy of the Library already present on the user's computer system, and (b) will operate properly with a modified version of the Library that is interface-compatible with the Linked Version.\
\pard\tx220\tx720\pardeftab720\li720\fi-720\sl360
\ls3\ilvl0\cf2 {\listtext	\uc0\u9642 	}e) Provide Installation Information, but only if you would otherwise be required to provide such information under section 6 of the GNU GPL, and only to the extent that such information is necessary to install and execute a modified version of the Combined Work produced by recombining or relinking the Application with a modified version of the Linked Version. (If you use option 4d0, the Installation Information must accompany the Minimal Corresponding Source and Corresponding Application Code. If you use option 4d1, you must provide the Installation Information in the manner specified by section 6 of the GNU GPL for conveying Corresponding Source.)\
\pard\pardeftab720\sl540

\b\fs36 \cf2 5. Combined Libraries.\
\pard\pardeftab720\sl360\sa280

\b0\fs28 \cf2 You may place library facilities that are a work based on the Library side by side in a single library together with other library facilities that are not Applications and are not covered by this License, and convey such a combined library under terms of your choice, if you do both of the following:\
\pard\tx220\tx720\pardeftab720\li720\fi-720\sl360
\ls4\ilvl0\cf2 {\listtext	\uc0\u9642 	}a) Accompany the combined library with a copy of the same work based on the Library, uncombined with any other library facilities, conveyed under the terms of this License.\
{\listtext	\uc0\u9642 	}b) Give prominent notice with the combined library that part of it is a work based on the Library, and explaining where to find the accompanying uncombined form of the same work.\
\pard\pardeftab720\sl540

\b\fs36 \cf2 6. Revised Versions of the GNU Lesser General Public License.\
\pard\pardeftab720\sl360\sa280

\b0\fs28 \cf2 The Free Software Foundation may publish revised and/or new versions of the GNU Lesser General Public License from time to time. Such new versions will be similar in spirit to the present version, but may differ in detail to address new problems or concerns.\
Each version is given a distinguishing version number. If the Library as you received it specifies that a certain numbered version of the GNU Lesser General Public License \'93or any later version\'94 applies to it, you have the option of following the terms and conditions either of that published version or of any later version published by the Free Software Foundation. If the Library as you received it does not specify a version number of the GNU Lesser General Public License, you may choose any version of the GNU Lesser General Public License ever published by the Free Software Foundation.\
If the Library as you received it specifies that a proxy can decide whether future versions of the GNU Lesser General Public License shall apply, that proxy's public statement of acceptance of any version is permanent authorization for you to choose that version for the Library.}]]></resource><resource mime-type="text/rtf" kind="embedded" type="welcome"><![CDATA[{\rtf1\ansi\ansicpg1252\cocoartf1265
{\fonttbl\f0\fnil\fcharset0 LucidaGrande;}
{\colortbl;\red255\green255\blue255;}
\deftab720
\pard\tx560\tx1120\tx1680\tx2240\tx2800\tx3360\tx3920\tx4480\tx5040\tx5600\tx6160\tx6720\pardeftab720\pardirnatural

\f0\fs26 \cf0 \expnd0\expndtw0\kerning0
BEAGLE is a high-performance library that can perform the core calculations at the heart of most Bayesian and Maximum Likelihood phylogenetics packages. It can make use of highly-parallel processors such as those in graphics cards (GPUs) found in many PCs. }]]></resource><resource mime-type="text/rtf" kind="embedded" type="conclusion"><![CDATA[{\rtf1\ansi\ansicpg1252\cocoartf1265
{\fonttbl\f0\fnil\fcharset0 LucidaGrande;}
{\colortbl;\red255\green255\blue255;\red0\green0\blue153;\red0\green0\blue255;}
\deftab720
\pard\tx560\tx1120\tx1680\tx2240\tx2800\tx3360\tx3920\tx4480\tx5040\tx5600\tx6160\tx6720\pardeftab720\pardirnatural

\f0\fs26 \cf0 \expnd0\expndtw0\kerning0
To use BEAGLE with NVIDIA GPUs please download and install the latest NVIDIA CUDA drivers for Mac OS X from nvidia.com:\
\pard\tx560\tx1120\tx1680\tx2240\tx2800\tx3360\tx3920\tx4480\tx5040\tx5600\tx6160\tx6720\pardeftab720\pardirnatural
{\field{\*\fldinst{HYPERLINK "http://www.nvidia.com/object/mac-driver-archive.html"}}{\fldrslt \cf2 \expnd0\expndtw0\kerning0
\ul \ulc2 \
\pard\pardeftab720\sl400
\cf3 \kerning1\expnd0\expndtw0 \ulc3 NVIDIA CUDA drivers for Mac}}}]]></resource></locale></resources><flags/><item type="file">01libhmsbeagle.xml</item><item type="file">02libhmsbeagle.xml</item><item type="file">03libhmsbeagle.xml</item><item type="file">04libhmsbeagle.xml</item><item type="file">05libhmsbeagle.xml</item><item type="file">06libhmsbeagle.xml</item><item type="file">07libhmsbeagle.xml</item><item type="file">08libhmsbeagle.xml</item><mod>properties.title</mod><mod>properties.customizeOption</mod><mod>properties.anywhereDomain</mod><mod>properties.systemDomain</mod></pkmkdoc>